<?xml version="1.0" encoding="UTF-8"?>
<ROOT xmlns="https://www.weareavp.com/nunncenter/ohms" xmlns:xsi="http://www.w3.org/2001/XMLSchema-instance" xsi:schemaLocation="https://www.weareavp.com/nunncenter/ohms/ohms.xsd">
  <record id="12" dt="2022-09-01">
    <version>5.4</version>
    <date value="2021-08-03" format="yyyy-mm-dd"/>
    <date_nonpreferred_format>21-08-2020</date_nonpreferred_format>
    <cms_record_id>CMSRecordID</cms_record_id>
    <title>Test</title>
    <accession>test-0001</accession>
    <duration>00:30:00</duration>
    <collection_id>Q3sWOVJfNwQCollectionID</collection_id>
    <collection_name>CollectionName</collection_name>
    <series_id>SeriesID</series_id>
    <series_name>SeriesName</series_name>
    <repository>Public</repository>
    <funding>Acknowledgment</funding>
    <repository_url>public</repository_url>
    <subject>Subjects 1</subject>
    <subject>Subjects 2</subject>
    <keyword>Interview 1</keyword>
    <keyword>Interview 2</keyword>
    <interviewee>Raza</interviewee>
    <interviewee>Saleem</interviewee>
    <interviewer>Nouman</interviewer>
    <interviewer>Tayyab</interviewer>
    <format>Mp4</format>
    <format>Avi</format>
    <file_name>test-0001</file_name>
    <sync>ranscript Sync Data</sync>
    <sync_alt>anscript Sync Data Translation</sync_alt>
    <transcript_alt_lang>Nepali</transcript_alt_lang>
    <translate>1</translate>
    <media_id/>
    <media_url>https://evolvr.aviaryplatform.com/embed/media/51123</media_url>
    <mediafile>
      <host>Aviary</host>
      <avalon_target_domain>www.youtube.com</avalon_target_domain>
      <host_account_id>Q3sWOVJfNwQHostAccount</host_account_id>
      <host_player_id>Q3sWOVJfNwQHostPlayer</host_player_id>
      <host_clip_id>Q3sWOVJfNwQHostItem</host_clip_id>
      <clip_format>video</clip_format>
    </mediafile>
    <kembed>&lt;iframe width="560" height="315" src="https://www.youtube.com/embed/Q3sWOVJfNwQ" title="YouTube video player" frameborder="0" allow="accelerometer; autoplay; clipboard-write; encrypted-media; gyroscope; picture-in-picture" allowfullscreen&gt;&lt;/iframe&gt;</kembed>
    <language>English</language>
    <user_notes>User Notes</user_notes>
    <index>
      <point>
        <time>0</time>
        <title>ok 1</title>
        <title_alt>ok alt</title_alt>
        <partial_transcript/>
        <partial_transcript_alt/>
        <synopsis/>
        <synopsis_alt/>
        <keywords/>
        <keywords_alt/>
        <subjects/>
        <subjects_alt/>
        <gpspoints>
          <gps/>
          <gps_zoom>0</gps_zoom>
          <gps_text/>
          <gps_text_alt/>
        </gpspoints>
        <hyperlinks>
          <hyperlink/>
          <hyperlink_text/>
          <hyperlink_text_alt/>
        </hyperlinks>
      </point>
      <point>
        <time>5</time>
        <title>ok 2</title>
        <title_alt>ok2 alt</title_alt>
        <partial_transcript/>
        <partial_transcript_alt/>
        <synopsis/>
        <synopsis_alt/>
        <keywords/>
        <keywords_alt/>
        <subjects/>
        <subjects_alt/>
        <gpspoints>
          <gps/>
          <gps_zoom>0</gps_zoom>
          <gps_text/>
          <gps_text_alt/>
        </gpspoints>
        <hyperlinks>
          <hyperlink/>
          <hyperlink_text/>
          <hyperlink_text_alt/>
        </hyperlinks>
      </point>
    </index>
    <type>video</type>
    <description>Summary</description>
    <rel/>
    <transcript/>
    <transcript_alt/>
    <rights>RightsStatement</rights>
    <fmt>video</fmt>
    <usage>UsageStatement</usage>
    <userestrict>1</userestrict>
    <xmllocation>MS-Record=ID.xml</xmllocation>
    <xmlfilename>MS-Record=ID.xml</xmlfilename>
    <collection_link>CollectionLink</collection_link>
    <series_link>SeriesLink&#13;
</series_link>
  </record>
</ROOT>
